ofac_id,uk_id,explanation
4688,6935,ofac_id: 4688 has a jaccard distance of 0.0625 with uk_id: 6935 from the name column
4690,6963,ofac_id: 4690 has a jaccard distance of 0.052631578947368474 with uk_id: 6963 from the name column
4694,6988,ofac_id: 4694 has a jaccard distance of 0.10526315789473684 with uk_id: 6988 from the name column
4697,13804,ofac_id: 4697 has a jaccard distance of 0.11111111111111116 with uk_id: 13804 from the name column
4709,7401,ofac_id: 4709 has a jaccard distance of 0.1842105263157895 with uk_id: 7401 from the name column
4710,7399,ofac_id: 4710 has a jaccard distance of 0.08510638297872342 with uk_id: 7399 from the name column
6725,7199,ofac_id: 6725 has a jaccard distance of 0.038461538461538436 with uk_id: 7199 from the name column
6896,7031,ofac_id: 6896 has a jaccard distance of 0.0 with uk_id: 7031 from the name column
6898,7249,ofac_id: 6898 has a jaccard distance of 0.03448275862068961 with uk_id: 7249 from the name column
6900,7205,ofac_id: 6900 has a jaccard distance of 0.0625 with uk_id: 7205 from the name column
6907,6899,ofac_id: 6907 has a jaccard distance of 0.11111111111111116 with uk_id: 6899 from the name column
6911,6972,ofac_id: 6911 has a jaccard distance of 0.03703703703703709 with uk_id: 6972 from the name column
6912,6968,ofac_id: 6912 has a jaccard distance of 0.06666666666666665 with uk_id: 6968 from the name column
6919,7008,ofac_id: 6919 has a jaccard distance of 0.0 with uk_id: 7008 from the name column
6920,7015,ofac_id: 6920 has a jaccard distance of 0.0 with uk_id: 7015 from the name column
6925,6925,ofac_id: 6925 has a jaccard distance of 0.0 with uk_id: 6925 from the name column
6926,7146,ofac_id: 6926 has a jaccard distance of 0.23529411764705888 with uk_id: 7146 from the name column
6928,6994,ofac_id: 6928 has a jaccard distance of 0.15000000000000002 with uk_id: 6994 from the name column
6935,7029,ofac_id: 6935 has a jaccard distance of 0.0625 with uk_id: 7029 from the name column
6936,7212,ofac_id: 6936 has a jaccard distance of 0.040000000000000036 with uk_id: 7212 from the name column
6937,7407,ofac_id: 6937 has a jaccard distance of 0.08333333333333337 with uk_id: 7407 from the name column
6938,6897,ofac_id: 6938 has a jaccard distance of 0.17647058823529416 with uk_id: 6897 from the name column
6945,7099,ofac_id: 6945 has a jaccard distance of 0.0 with uk_id: 7099 from the name column
6950,6932,ofac_id: 6950 has a jaccard distance of 0.0 with uk_id: 6932 from the name column
7006,6995,ofac_id: 7006 has a jaccard distance of 0.0 with uk_id: 6995 from the name column
7133,7082,ofac_id: 7133 has a jaccard distance of 0.1071428571428571 with uk_id: 7082 from the name column
7138,7517,ofac_id: 7138 has a jaccard distance of 0.0 with uk_id: 7517 from the name column
7148,6998,ofac_id: 7148 has a jaccard distance of 0.0 with uk_id: 6998 from the name column
7149,7210,ofac_id: 7149 has a jaccard distance of 0.03125 with uk_id: 7210 from the name column
7199,6991,ofac_id: 7199 has a jaccard distance of 0.03448275862068961 with uk_id: 6991 from the name column
7200,6975,ofac_id: 7200 has a jaccard distance of 0.16000000000000003 with uk_id: 6975 from the name column
7253,7105,ofac_id: 7253 has a jaccard distance of 0.0 with uk_id: 7105 from the name column
7262,7122,ofac_id: 7262 has a jaccard distance of 0.21052631578947367 with uk_id: 7122 from the name column
7264,7059,ofac_id: 7264 has a jaccard distance of 0.0 with uk_id: 7059 from the name column
7266,7124,ofac_id: 7266 has a jaccard distance of 0.0 with uk_id: 7124 from the name column
7267,7131,ofac_id: 7267 has a jaccard distance of 0.0 with uk_id: 7131 from the name column
7268,7148,ofac_id: 7268 has a jaccard distance of 0.13043478260869568 with uk_id: 7148 from the name column
7280,7208,ofac_id: 7280 has a jaccard distance of 0.1875 with uk_id: 7208 from the name column
7321,6961,ofac_id: 7321 has a jaccard distance of 0.033333333333333326 with uk_id: 6961 from the name column
7322,6961,ofac_id: 7322 has a jaccard distance of 0.16129032258064513 with uk_id: 6961 from the name column
7324,7149,ofac_id: 7324 has a jaccard distance of 0.033333333333333326 with uk_id: 7149 from the name column
7328,7156,ofac_id: 7328 has a jaccard distance of 0.0 with uk_id: 7156 from the name column
7472,7021,ofac_id: 7472 has a jaccard distance of 0.0 with uk_id: 7021 from the name column
7473,7138,ofac_id: 7473 has a jaccard distance of 0.1311475409836066 with uk_id: 7138 from the name column
7474,7466,ofac_id: 7474 has a jaccard distance of 0.1842105263157895 with uk_id: 7466 from the name column
7475,7202,ofac_id: 7475 has a jaccard distance of 0.18181818181818177 with uk_id: 7202 from the name column
7638,8531,ofac_id: 7638 has a jaccard distance of 0.08333333333333337 with uk_id: 8531 from the name column
7831,7797,ofac_id: 7831 has a jaccard distance of 0.0 with uk_id: 7797 from the name column
7843,7612,ofac_id: 7843 has a jaccard distance of 0.0 with uk_id: 7612 from the name column
7844,7613,ofac_id: 7844 has a jaccard distance of 0.0 with uk_id: 7613 from the name column
7845,7614,ofac_id: 7845 has a jaccard distance of 0.0 with uk_id: 7614 from the name column
7846,7619,ofac_id: 7846 has a jaccard distance of 0.0 with uk_id: 7619 from the name column
7847,7584,ofac_id: 7847 has a jaccard distance of 0.0 with uk_id: 7584 from the name column
7848,7580,ofac_id: 7848 has a jaccard distance of 0.0 with uk_id: 7580 from the name column
7849,7626,ofac_id: 7849 has a jaccard distance of 0.0 with uk_id: 7626 from the name column
7850,7589,ofac_id: 7850 has a jaccard distance of 0.0 with uk_id: 7589 from the name column
7851,7628,ofac_id: 7851 has a jaccard distance of 0.0 with uk_id: 7628 from the name column
7852,7624,ofac_id: 7852 has a jaccard distance of 0.05714285714285716 with uk_id: 7624 from the name column
7853,7620,ofac_id: 7853 has a jaccard distance of 0.0 with uk_id: 7620 from the name column
7854,7609,ofac_id: 7854 has a jaccard distance of 0.0 with uk_id: 7609 from the name column
7855,7621,ofac_id: 7855 has a jaccard distance of 0.0 with uk_id: 7621 from the name column
7856,7591,ofac_id: 7856 has a jaccard distance of 0.0 with uk_id: 7591 from the name column
7857,7627,ofac_id: 7857 has a jaccard distance of 0.0 with uk_id: 7627 from the name column
7858,7606,ofac_id: 7858 has a jaccard distance of 0.0 with uk_id: 7606 from the name column
7859,7622,ofac_id: 7859 has a jaccard distance of 0.0 with uk_id: 7622 from the name column
7860,7579,ofac_id: 7860 has a jaccard distance of 0.0 with uk_id: 7579 from the name column
7861,7615,ofac_id: 7861 has a jaccard distance of 0.040000000000000036 with uk_id: 7615 from the name column
7862,7582,ofac_id: 7862 has a jaccard distance of 0.0 with uk_id: 7582 from the name column
7863,7623,ofac_id: 7863 has a jaccard distance of 0.0 with uk_id: 7623 from the name column
7864,7624,ofac_id: 7864 has a jaccard distance of 0.0 with uk_id: 7624 from the name column
7865,7607,ofac_id: 7865 has a jaccard distance of 0.0 with uk_id: 7607 from the name column
7866,7617,ofac_id: 7866 has a jaccard distance of 0.0 with uk_id: 7617 from the name column
7867,7603,ofac_id: 7867 has a jaccard distance of 0.0 with uk_id: 7603 from the name column
7868,7625,ofac_id: 7868 has a jaccard distance of 0.0 with uk_id: 7625 from the name column
7869,7596,ofac_id: 7869 has a jaccard distance of 0.12 with uk_id: 7596 from the name column
7870,7578,ofac_id: 7870 has a jaccard distance of 0.0 with uk_id: 7578 from the name column
7871,7576,ofac_id: 7871 has a jaccard distance of 0.15000000000000002 with uk_id: 7576 from the name column
7872,7590,ofac_id: 7872 has a jaccard distance of 0.0 with uk_id: 7590 from the name column
7876,7600,ofac_id: 7876 has a jaccard distance of 0.0 with uk_id: 7600 from the name column
7878,7610,ofac_id: 7878 has a jaccard distance of 0.0 with uk_id: 7610 from the name column
7879,7611,ofac_id: 7879 has a jaccard distance of 0.0 with uk_id: 7611 from the name column
7880,7608,ofac_id: 7880 has a jaccard distance of 0.0 with uk_id: 7608 from the name column
7881,7602,ofac_id: 7881 has a jaccard distance of 0.0 with uk_id: 7602 from the name column
7882,7593,ofac_id: 7882 has a jaccard distance of 0.1875 with uk_id: 7593 from the name column
7883,7594,ofac_id: 7883 has a jaccard distance of 0.0 with uk_id: 7594 from the name column
7884,7587,ofac_id: 7884 has a jaccard distance of 0.0 with uk_id: 7587 from the name column
7885,7574,ofac_id: 7885 has a jaccard distance of 0.0 with uk_id: 7574 from the name column
7886,7599,ofac_id: 7886 has a jaccard distance of 0.0 with uk_id: 7599 from the name column
7887,7604,ofac_id: 7887 has a jaccard distance of 0.0 with uk_id: 7604 from the name column
7888,7585,ofac_id: 7888 has a jaccard distance of 0.0 with uk_id: 7585 from the name column
7889,7605,ofac_id: 7889 has a jaccard distance of 0.0 with uk_id: 7605 from the name column
7890,7583,ofac_id: 7890 has a jaccard distance of 0.0 with uk_id: 7583 from the name column
7891,7616,ofac_id: 7891 has a jaccard distance of 0.2222222222222222 with uk_id: 7616 from the name column
7893,7598,ofac_id: 7893 has a jaccard distance of 0.0 with uk_id: 7598 from the name column
7894,7618,ofac_id: 7894 has a jaccard distance of 0.0 with uk_id: 7618 from the name column
7895,7577,ofac_id: 7895 has a jaccard distance of 0.09523809523809523 with uk_id: 7577 from the name column
7896,7586,ofac_id: 7896 has a jaccard distance of 0.0 with uk_id: 7586 from the name column
7897,7581,ofac_id: 7897 has a jaccard distance of 0.13793103448275867 with uk_id: 7581 from the name column
7913,7886,ofac_id: 7913 has a jaccard distance of 0.0 with uk_id: 7886 from the name column
7914,7887,ofac_id: 7914 has a jaccard distance of 0.0 with uk_id: 7887 from the name column
7921,7842,ofac_id: 7921 has a jaccard distance of 0.0 with uk_id: 7842 from the name column
7923,7854,ofac_id: 7923 has a jaccard distance of 0.08333333333333337 with uk_id: 7854 from the name column
7924,7840,ofac_id: 7924 has a jaccard distance of 0.0 with uk_id: 7840 from the name column
7925,7843,ofac_id: 7925 has a jaccard distance of 0.0 with uk_id: 7843 from the name column
7927,7838,ofac_id: 7927 has a jaccard distance of 0.0 with uk_id: 7838 from the name column
7928,7834,ofac_id: 7928 has a jaccard distance of 0.0 with uk_id: 7834 from the name column
7936,7848,ofac_id: 7936 has a jaccard distance of 0.0 with uk_id: 7848 from the name column
7944,7860,ofac_id: 7944 has a jaccard distance of 0.0 with uk_id: 7860 from the name column
7946,8703,ofac_id: 7946 has a jaccard distance of 0.03703703703703709 with uk_id: 8703 from the name column
8084,7881,ofac_id: 8084 has a jaccard distance of 0.0 with uk_id: 7881 from the name column
8087,7997,ofac_id: 8087 has a jaccard distance of 0.0 with uk_id: 7997 from the name column
8092,7866,ofac_id: 8092 has a jaccard distance of 0.125 with uk_id: 7866 from the name column
8094,7865,ofac_id: 8094 has a jaccard distance of 0.0 with uk_id: 7865 from the name column
8098,7868,ofac_id: 8098 has a jaccard distance of 0.0 with uk_id: 7868 from the name column
8100,7875,ofac_id: 8100 has a jaccard distance of 0.18181818181818177 with uk_id: 7875 from the name column
8104,7890,ofac_id: 8104 has a jaccard distance of 0.0 with uk_id: 7890 from the name column
8106,7996,ofac_id: 8106 has a jaccard distance of 0.1428571428571429 with uk_id: 7996 from the name column
8183,8244,ofac_id: 8183 has a jaccard distance of 0.19999999999999996 with uk_id: 8244 from the name column
8184,8245,ofac_id: 8184 has a jaccard distance of 0.0 with uk_id: 8245 from the name column
8185,8246,ofac_id: 8185 has a jaccard distance of 0.0 with uk_id: 8246 from the name column
8186,8248,ofac_id: 8186 has a jaccard distance of 0.0 with uk_id: 8248 from the name column
8187,8247,ofac_id: 8187 has a jaccard distance of 0.0 with uk_id: 8247 from the name column
8188,8249,ofac_id: 8188 has a jaccard distance of 0.0 with uk_id: 8249 from the name column
8189,8250,ofac_id: 8189 has a jaccard distance of 0.0 with uk_id: 8250 from the name column
8190,8251,ofac_id: 8190 has a jaccard distance of 0.0 with uk_id: 8251 from the name column
8191,8252,ofac_id: 8191 has a jaccard distance of 0.0 with uk_id: 8252 from the name column
8192,8253,ofac_id: 8192 has a jaccard distance of 0.0 with uk_id: 8253 from the name column
8193,8254,ofac_id: 8193 has a jaccard distance of 0.0 with uk_id: 8254 from the name column
8194,8255,ofac_id: 8194 has a jaccard distance of 0.0 with uk_id: 8255 from the name column
8195,8256,ofac_id: 8195 has a jaccard distance of 0.0 with uk_id: 8256 from the name column
8196,8257,ofac_id: 8196 has a jaccard distance of 0.0 with uk_id: 8257 from the name column
8197,8258,ofac_id: 8197 has a jaccard distance of 0.0 with uk_id: 8258 from the name column
8198,8259,ofac_id: 8198 has a jaccard distance of 0.0 with uk_id: 8259 from the name column
8210,8276,ofac_id: 8210 has a jaccard distance of 0.0357142857142857 with uk_id: 8276 from the name column
8211,8277,ofac_id: 8211 has a jaccard distance of 0.2432432432432432 with uk_id: 8277 from the name column
8213,8282,ofac_id: 8213 has a jaccard distance of 0.0 with uk_id: 8282 from the name column
8214,8283,ofac_id: 8214 has a jaccard distance of 0.0714285714285714 with uk_id: 8283 from the name column
8215,8287,ofac_id: 8215 has a jaccard distance of 0.17647058823529416 with uk_id: 8287 from the name column
8217,8278,ofac_id: 8217 has a jaccard distance of 0.23529411764705888 with uk_id: 8278 from the name column
8220,8352,ofac_id: 8220 has a jaccard distance of 0.0 with uk_id: 8352 from the name column
8223,8361,ofac_id: 8223 has a jaccard distance of 0.24528301886792447 with uk_id: 8361 from the name column
8225,8360,ofac_id: 8225 has a jaccard distance of 0.11111111111111116 with uk_id: 8360 from the name column
8231,8384,ofac_id: 8231 has a jaccard distance of 0.0 with uk_id: 8384 from the name column
8232,8385,ofac_id: 8232 has a jaccard distance of 0.040000000000000036 with uk_id: 8385 from the name column
8258,8428,ofac_id: 8258 has a jaccard distance of 0.2068965517241379 with uk_id: 8428 from the name column
8259,8429,ofac_id: 8259 has a jaccard distance of 0.2222222222222222 with uk_id: 8429 from the name column
8261,8430,ofac_id: 8261 has a jaccard distance of 0.22580645161290325 with uk_id: 8430 from the name column
8262,8424,ofac_id: 8262 has a jaccard distance of 0.20588235294117652 with uk_id: 8424 from the name column
8264,8425,ofac_id: 8264 has a jaccard distance of 0.0 with uk_id: 8425 from the name column
8272,8421,ofac_id: 8272 has a jaccard distance of 0.16666666666666663 with uk_id: 8421 from the name column
8405,7818,ofac_id: 8405 has a jaccard distance of 0.04166666666666663 with uk_id: 7818 from the name column
8408,7817,ofac_id: 8408 has a jaccard distance of 0.2222222222222222 with uk_id: 7817 from the name column
8759,13831,ofac_id: 8759 has a jaccard distance of 0.22580645161290325 with uk_id: 13831 from the name column
8883,8681,ofac_id: 8883 has a jaccard distance of 0.0 with uk_id: 8681 from the name column
8885,8635,ofac_id: 8885 has a jaccard distance of 0.0 with uk_id: 8635 from the name column
9331,8695,ofac_id: 9331 has a jaccard distance of 0.0 with uk_id: 8695 from the name column
9334,8652,ofac_id: 9334 has a jaccard distance of 0.052631578947368474 with uk_id: 8652 from the name column
9345,10892,ofac_id: 9345 has a jaccard distance of 0.027027027027026973 with uk_id: 10892 from the name column
9346,10894,ofac_id: 9346 has a jaccard distance of 0.045454545454545414 with uk_id: 10894 from the name column
9347,10893,ofac_id: 9347 has a jaccard distance of 0.03448275862068961 with uk_id: 10893 from the name column
9348,9102,ofac_id: 9348 has a jaccard distance of 0.1428571428571429 with uk_id: 9102 from the name column
9349,8992,ofac_id: 9349 has a jaccard distance of 0.17142857142857137 with uk_id: 8992 from the name column
9353,8697,ofac_id: 9353 has a jaccard distance of 0.0 with uk_id: 8697 from the name column
9354,8698,ofac_id: 9354 has a jaccard distance of 0.0 with uk_id: 8698 from the name column
9519,12442,ofac_id: 9519 has a jaccard distance of 0.04761904761904767 with uk_id: 12442 from the name column
9520,12449,ofac_id: 9520 has a jaccard distance of 0.0 with uk_id: 12449 from the name column
9521,12443,ofac_id: 9521 has a jaccard distance of 0.02941176470588236 with uk_id: 12443 from the name column
9523,12445,ofac_id: 9523 has a jaccard distance of 0.0 with uk_id: 12445 from the name column
9524,13429,ofac_id: 9524 has a jaccard distance of 0.03703703703703709 with uk_id: 13429 from the name column
9525,11042,ofac_id: 9525 has a jaccard distance of 0.19354838709677424 with uk_id: 11042 from the name column
9526,12444,ofac_id: 9526 has a jaccard distance of 0.023809523809523836 with uk_id: 12444 from the name column
9527,12446,ofac_id: 9527 has a jaccard distance of 0.025000000000000022 with uk_id: 12446 from the name column
9584,8788,ofac_id: 9584 has a jaccard distance of 0.0 with uk_id: 8788 from the name column
9585,8787,ofac_id: 9585 has a jaccard distance of 0.0 with uk_id: 8787 from the name column
9588,8781,ofac_id: 9588 has a jaccard distance of 0.0 with uk_id: 8781 from the name column
9614,8831,ofac_id: 9614 has a jaccard distance of 0.0 with uk_id: 8831 from the name column
9615,8832,ofac_id: 9615 has a jaccard distance of 0.0 with uk_id: 8832 from the name column
9616,8833,ofac_id: 9616 has a jaccard distance of 0.0 with uk_id: 8833 from the name column
9617,8834,ofac_id: 9617 has a jaccard distance of 0.0 with uk_id: 8834 from the name column
9620,8838,ofac_id: 9620 has a jaccard distance of 0.24 with uk_id: 8838 from the name column
9763,9044,ofac_id: 9763 has a jaccard distance of 0.045454545454545414 with uk_id: 9044 from the name column
9764,9045,ofac_id: 9764 has a jaccard distance of 0.040000000000000036 with uk_id: 9045 from the name column
9768,8905,ofac_id: 9768 has a jaccard distance of 0.06896551724137934 with uk_id: 8905 from the name column
9769,8904,ofac_id: 9769 has a jaccard distance of 0.0 with uk_id: 8904 from the name column
9770,13962,ofac_id: 9770 has a jaccard distance of 0.18518518518518523 with uk_id: 13962 from the name column
9797,13919,ofac_id: 9797 has a jaccard distance of 0.1515151515151515 with uk_id: 13919 from the name column
9898,8906,ofac_id: 9898 has a jaccard distance of 0.045454545454545414 with uk_id: 8906 from the name column
10007,8970,ofac_id: 10007 has a jaccard distance of 0.0 with uk_id: 8970 from the name column
10012,10911,ofac_id: 10012 has a jaccard distance of 0.03448275862068961 with uk_id: 10911 from the name column
10033,8708,ofac_id: 10033 has a jaccard distance of 0.0 with uk_id: 8708 from the name column
10035,8710,ofac_id: 10035 has a jaccard distance of 0.0 with uk_id: 8710 from the name column
10036,8713,ofac_id: 10036 has a jaccard distance of 0.0 with uk_id: 8713 from the name column
10117,9070,ofac_id: 10117 has a jaccard distance of 0.16666666666666663 with uk_id: 9070 from the name column
10128,13032,ofac_id: 10128 has a jaccard distance of 0.1875 with uk_id: 13032 from the name column
10130,13033,ofac_id: 10130 has a jaccard distance of 0.08823529411764708 with uk_id: 13033 from the name column
10143,9068,ofac_id: 10143 has a jaccard distance of 0.0625 with uk_id: 9068 from the name column
10145,9067,ofac_id: 10145 has a jaccard distance of 0.15384615384615385 with uk_id: 9067 from the name column
10148,8705,ofac_id: 10148 has a jaccard distance of 0.19999999999999996 with uk_id: 8705 from the name column
10325,9065,ofac_id: 10325 has a jaccard distance of 0.0 with uk_id: 9065 from the name column
10371,8988,ofac_id: 10371 has a jaccard distance of 0.05555555555555558 with uk_id: 8988 from the name column
10374,7611,ofac_id: 10374 has a jaccard distance of 0.18181818181818177 with uk_id: 7611 from the name column
10375,8681,ofac_id: 10375 has a jaccard distance of 0.19047619047619047 with uk_id: 8681 from the name column
10392,10655,ofac_id: 10392 has a jaccard distance of 0.10526315789473684 with uk_id: 10655 from the name column
10479,9057,ofac_id: 10479 has a jaccard distance of 0.0 with uk_id: 9057 from the name column
10480,9058,ofac_id: 10480 has a jaccard distance of 0.0 with uk_id: 9058 from the name column
10483,9061,ofac_id: 10483 has a jaccard distance of 0.0 with uk_id: 9061 from the name column
10483,12182,ofac_id: 10483 has a jaccard distance of 0.0 with uk_id: 12182 from the name column
10489,11143,ofac_id: 10489 has a jaccard distance of 0.0 with uk_id: 11143 from the name column
10490,11136,ofac_id: 10490 has a jaccard distance of 0.08333333333333337 with uk_id: 11136 from the name column
10491,11147,ofac_id: 10491 has a jaccard distance of 0.04166666666666663 with uk_id: 11147 from the name column
10492,11137,ofac_id: 10492 has a jaccard distance of 0.09999999999999998 with uk_id: 11137 from the name column
10493,11139,ofac_id: 10493 has a jaccard distance of 0.09090909090909094 with uk_id: 11139 from the name column
10494,11140,ofac_id: 10494 has a jaccard distance of 0.038461538461538436 with uk_id: 11140 from the name column
10495,11138,ofac_id: 10495 has a jaccard distance of 0.08333333333333337 with uk_id: 11138 from the name column
10496,11135,ofac_id: 10496 has a jaccard distance of 0.08695652173913049 with uk_id: 11135 from the name column
10569,11903,ofac_id: 10569 has a jaccard distance of 0.2142857142857143 with uk_id: 11903 from the name column
10612,9157,ofac_id: 10612 has a jaccard distance of 0.0 with uk_id: 9157 from the name column
10725,11913,ofac_id: 10725 has a jaccard distance of 0.23076923076923073 with uk_id: 11913 from the name column
10727,11051,ofac_id: 10727 has a jaccard distance of 0.1428571428571429 with uk_id: 11051 from the name column
10728,11050,ofac_id: 10728 has a jaccard distance of 0.1333333333333333 with uk_id: 11050 from the name column
10761,11090,ofac_id: 10761 has a jaccard distance of 0.11111111111111116 with uk_id: 11090 from the name column
10848,10661,ofac_id: 10848 has a jaccard distance of 0.0 with uk_id: 10661 from the name column
10849,10665,ofac_id: 10849 has a jaccard distance of 0.0 with uk_id: 10665 from the name column
10850,10666,ofac_id: 10850 has a jaccard distance of 0.0 with uk_id: 10666 from the name column
10851,10663,ofac_id: 10851 has a jaccard distance of 0.12121212121212122 with uk_id: 10663 from the name column
10852,10668,ofac_id: 10852 has a jaccard distance of 0.0 with uk_id: 10668 from the name column
10853,10667,ofac_id: 10853 has a jaccard distance of 0.23076923076923073 with uk_id: 10667 from the name column
10854,10662,ofac_id: 10854 has a jaccard distance of 0.0 with uk_id: 10662 from the name column
10858,11153,ofac_id: 10858 has a jaccard distance of 0.0 with uk_id: 11153 from the name column
10860,9006,ofac_id: 10860 has a jaccard distance of 0.0 with uk_id: 9006 from the name column
10862,9034,ofac_id: 10862 has a jaccard distance of 0.15909090909090906 with uk_id: 9034 from the name column
10863,8990,ofac_id: 10863 has a jaccard distance of 0.1428571428571429 with uk_id: 8990 from the name column
10887,9038,ofac_id: 10887 has a jaccard distance of 0.040000000000000036 with uk_id: 9038 from the name column
10890,12153,ofac_id: 10890 has a jaccard distance of 0.125 with uk_id: 12153 from the name column
10923,7210,ofac_id: 10923 has a jaccard distance of 0.03125 with uk_id: 7210 from the name column
10928,10669,ofac_id: 10928 has a jaccard distance of 0.24137931034482762 with uk_id: 10669 from the name column
10932,6991,ofac_id: 10932 has a jaccard distance of 0.03448275862068961 with uk_id: 6991 from the name column
10935,10690,ofac_id: 10935 has a jaccard distance of 0.0 with uk_id: 10690 from the name column
10936,10693,ofac_id: 10936 has a jaccard distance of 0.0 with uk_id: 10693 from the name column
11018,13344,ofac_id: 11018 has a jaccard distance of 0.0 with uk_id: 13344 from the name column
11168,9103,ofac_id: 11168 has a jaccard distance of 0.22580645161290325 with uk_id: 9103 from the name column
11177,12208,ofac_id: 11177 has a jaccard distance of 0.0 with uk_id: 12208 from the name column
11181,11201,ofac_id: 11181 has a jaccard distance of 0.06896551724137934 with uk_id: 11201 from the name column
11183,11953,ofac_id: 11183 has a jaccard distance of 0.0357142857142857 with uk_id: 11953 from the name column
11184,10659,ofac_id: 11184 has a jaccard distance of 0.11538461538461542 with uk_id: 10659 from the name column
11198,11148,ofac_id: 11198 has a jaccard distance of 0.050000000000000044 with uk_id: 11148 from the name column
11311,11091,ofac_id: 11311 has a jaccard distance of 0.0 with uk_id: 11091 from the name column
11322,10752,ofac_id: 11322 has a jaccard distance of 0.0 with uk_id: 10752 from the name column
11355,10908,ofac_id: 11355 has a jaccard distance of 0.0 with uk_id: 10908 from the name column
11373,10906,ofac_id: 11373 has a jaccard distance of 0.0 with uk_id: 10906 from the name column
11387,8714,ofac_id: 11387 has a jaccard distance of 0.0 with uk_id: 8714 from the name column
11388,10672,ofac_id: 11388 has a jaccard distance of 0.0 with uk_id: 10672 from the name column
11389,10678,ofac_id: 11389 has a jaccard distance of 0.0 with uk_id: 10678 from the name column
11390,10679,ofac_id: 11390 has a jaccard distance of 0.0 with uk_id: 10679 from the name column
11391,10674,ofac_id: 11391 has a jaccard distance of 0.0 with uk_id: 10674 from the name column
11441,10448,ofac_id: 11441 has a jaccard distance of 0.033333333333333326 with uk_id: 10448 from the name column
11442,11126,ofac_id: 11442 has a jaccard distance of 0.038461538461538436 with uk_id: 11126 from the name column
11443,11125,ofac_id: 11443 has a jaccard distance of 0.045454545454545414 with uk_id: 11125 from the name column
11444,11129,ofac_id: 11444 has a jaccard distance of 0.21875 with uk_id: 11129 from the name column
11445,11127,ofac_id: 11445 has a jaccard distance of 0.17142857142857137 with uk_id: 11127 from the name column
11446,10449,ofac_id: 11446 has a jaccard distance of 0.030303030303030276 with uk_id: 10449 from the name column
11459,13787,ofac_id: 11459 has a jaccard distance of 0.13043478260869568 with uk_id: 13787 from the name column
11493,11052,ofac_id: 11493 has a jaccard distance of 0.0 with uk_id: 11052 from the name column
11532,10909,ofac_id: 11532 has a jaccard distance of 0.040000000000000036 with uk_id: 10909 from the name column
11533,10910,ofac_id: 11533 has a jaccard distance of 0.05882352941176472 with uk_id: 10910 from the name column
11599,10913,ofac_id: 11599 has a jaccard distance of 0.07407407407407407 with uk_id: 10913 from the name column
11743,8425,ofac_id: 11743 has a jaccard distance of 0.0 with uk_id: 8425 from the name column
11744,6995,ofac_id: 11744 has a jaccard distance of 0.0 with uk_id: 6995 from the name column
11745,11092,ofac_id: 11745 has a jaccard distance of 0.0 with uk_id: 11092 from the name column
11746,11091,ofac_id: 11746 has a jaccard distance of 0.0 with uk_id: 11091 from the name column
11747,10929,ofac_id: 11747 has a jaccard distance of 0.0 with uk_id: 10929 from the name column
11748,11093,ofac_id: 11748 has a jaccard distance of 0.0 with uk_id: 11093 from the name column
11786,11236,ofac_id: 11786 has a jaccard distance of 0.0 with uk_id: 11236 from the name column
11791,11141,ofac_id: 11791 has a jaccard distance of 0.05714285714285716 with uk_id: 11141 from the name column
11973,8736,ofac_id: 11973 has a jaccard distance of 0.2142857142857143 with uk_id: 8736 from the name column
11974,8738,ofac_id: 11974 has a jaccard distance of 0.0 with uk_id: 8738 from the name column
11975,8735,ofac_id: 11975 has a jaccard distance of 0.0 with uk_id: 8735 from the name column
11976,8734,ofac_id: 11976 has a jaccard distance of 0.18181818181818177 with uk_id: 8734 from the name column
11977,8709,ofac_id: 11977 has a jaccard distance of 0.0 with uk_id: 8709 from the name column
12022,11096,ofac_id: 12022 has a jaccard distance of 0.0 with uk_id: 11096 from the name column
12030,11209,ofac_id: 12030 has a jaccard distance of 0.05882352941176472 with uk_id: 11209 from the name column
12057,11784,ofac_id: 12057 has a jaccard distance of 0.0 with uk_id: 11784 from the name column
12057,11234,ofac_id: 12057 has a jaccard distance of 0.0 with uk_id: 11234 from the name column
12057,10439,ofac_id: 12057 has a jaccard distance of 0.0 with uk_id: 10439 from the name column
12059,11242,ofac_id: 12059 has a jaccard distance of 0.11764705882352944 with uk_id: 11242 from the name column
12060,10647,ofac_id: 12060 has a jaccard distance of 0.0 with uk_id: 10647 from the name column
12066,10638,ofac_id: 12066 has a jaccard distance of 0.0 with uk_id: 10638 from the name column
12111,13742,ofac_id: 12111 has a jaccard distance of 0.24444444444444446 with uk_id: 13742 from the name column
12114,9059,ofac_id: 12114 has a jaccard distance of 0.1578947368421053 with uk_id: 9059 from the name column
12127,11207,ofac_id: 12127 has a jaccard distance of 0.0 with uk_id: 11207 from the name column
12128,11205,ofac_id: 12128 has a jaccard distance of 0.0 with uk_id: 11205 from the name column
12129,11206,ofac_id: 12129 has a jaccard distance of 0.0 with uk_id: 11206 from the name column
12148,11270,ofac_id: 12148 has a jaccard distance of 0.045454545454545414 with uk_id: 11270 from the name column
12206,12032,ofac_id: 12206 has a jaccard distance of 0.0 with uk_id: 12032 from the name column
12209,12453,ofac_id: 12209 has a jaccard distance of 0.11111111111111116 with uk_id: 12453 from the name column
12210,12448,ofac_id: 12210 has a jaccard distance of 0.20588235294117652 with uk_id: 12448 from the name column
12211,12439,ofac_id: 12211 has a jaccard distance of 0.0 with uk_id: 12439 from the name column
12212,11282,ofac_id: 12212 has a jaccard distance of 0.032258064516129004 with uk_id: 11282 from the name column
12213,11285,ofac_id: 12213 has a jaccard distance of 0.052631578947368474 with uk_id: 11285 from the name column
12214,12447,ofac_id: 12214 has a jaccard distance of 0.03448275862068961 with uk_id: 12447 from the name column
12215,12871,ofac_id: 12215 has a jaccard distance of 0.0 with uk_id: 12871 from the name column
12218,10914,ofac_id: 12218 has a jaccard distance of 0.19999999999999996 with uk_id: 10914 from the name column
12219,11284,ofac_id: 12219 has a jaccard distance of 0.038461538461538436 with uk_id: 11284 from the name column
12220,11283,ofac_id: 12220 has a jaccard distance of 0.0357142857142857 with uk_id: 11283 from the name column
12251,11785,ofac_id: 12251 has a jaccard distance of 0.0 with uk_id: 11785 from the name column
12252,11797,ofac_id: 12252 has a jaccard distance of 0.08333333333333337 with uk_id: 11797 from the name column
12253,12189,ofac_id: 12253 has a jaccard distance of 0.0 with uk_id: 12189 from the name column
12255,12202,ofac_id: 12255 has a jaccard distance of 0.0 with uk_id: 12202 from the name column
12256,10644,ofac_id: 12256 has a jaccard distance of 0.0 with uk_id: 10644 from the name column
12257,11788,ofac_id: 12257 has a jaccard distance of 0.0 with uk_id: 11788 from the name column
12312,11286,ofac_id: 12312 has a jaccard distance of 0.05555555555555558 with uk_id: 11286 from the name column
12313,11287,ofac_id: 12313 has a jaccard distance of 0.02941176470588236 with uk_id: 11287 from the name column
12321,11277,ofac_id: 12321 has a jaccard distance of 0.0 with uk_id: 11277 from the name column
12322,11278,ofac_id: 12322 has a jaccard distance of 0.0 with uk_id: 11278 from the name column
12326,11276,ofac_id: 12326 has a jaccard distance of 0.0 with uk_id: 11276 from the name column
12328,11279,ofac_id: 12328 has a jaccard distance of 0.0 with uk_id: 11279 from the name column
12477,11580,ofac_id: 12477 has a jaccard distance of 0.05555555555555558 with uk_id: 11580 from the name column
12478,11581,ofac_id: 12478 has a jaccard distance of 0.11111111111111116 with uk_id: 11581 from the name column
12479,11233,ofac_id: 12479 has a jaccard distance of 0.08333333333333337 with uk_id: 11233 from the name column
12481,11582,ofac_id: 12481 has a jaccard distance of 0.11111111111111116 with uk_id: 11582 from the name column
12524,11158,ofac_id: 12524 has a jaccard distance of 0.21052631578947367 with uk_id: 11158 from the name column
12550,12259,ofac_id: 12550 has a jaccard distance of 0.18518518518518523 with uk_id: 12259 from the name column
12552,12262,ofac_id: 12552 has a jaccard distance of 0.06666666666666665 with uk_id: 12262 from the name column
12555,12234,ofac_id: 12555 has a jaccard distance of 0.0 with uk_id: 12234 from the name column
12596,11795,ofac_id: 12596 has a jaccard distance of 0.18181818181818177 with uk_id: 11795 from the name column
12599,12021,ofac_id: 12599 has a jaccard distance of 0.0 with uk_id: 12021 from the name column
12608,11640,ofac_id: 12608 has a jaccard distance of 0.0 with uk_id: 11640 from the name column
12633,11659,ofac_id: 12633 has a jaccard distance of 0.0 with uk_id: 11659 from the name column
12634,11658,ofac_id: 12634 has a jaccard distance of 0.0 with uk_id: 11658 from the name column
12635,11650,ofac_id: 12635 has a jaccard distance of 0.0 with uk_id: 11650 from the name column
12685,11711,ofac_id: 12685 has a jaccard distance of 0.022222222222222254 with uk_id: 11711 from the name column
12690,11699,ofac_id: 12690 has a jaccard distance of 0.1428571428571429 with uk_id: 11699 from the name column
12696,12451,ofac_id: 12696 has a jaccard distance of 0.07692307692307687 with uk_id: 12451 from the name column
12722,11901,ofac_id: 12722 has a jaccard distance of 0.0 with uk_id: 11901 from the name column
12725,11909,ofac_id: 12725 has a jaccard distance of 0.0 with uk_id: 11909 from the name column
12726,12055,ofac_id: 12726 has a jaccard distance of 0.22857142857142854 with uk_id: 12055 from the name column
12738,12024,ofac_id: 12738 has a jaccard distance of 0.0 with uk_id: 12024 from the name column
12740,11910,ofac_id: 12740 has a jaccard distance of 0.0 with uk_id: 11910 from the name column
12740,12421,ofac_id: 12740 has a jaccard distance of 0.0 with uk_id: 12421 from the name column
12742,12693,ofac_id: 12742 has a jaccard distance of 0.0 with uk_id: 12693 from the name column
12744,12152,ofac_id: 12744 has a jaccard distance of 0.08333333333333337 with uk_id: 12152 from the name column
12745,12017,ofac_id: 12745 has a jaccard distance of 0.06666666666666665 with uk_id: 12017 from the name column
12746,12018,ofac_id: 12746 has a jaccard distance of 0.038461538461538436 with uk_id: 12018 from the name column
12794,12499,ofac_id: 12794 has a jaccard distance of 0.12121212121212122 with uk_id: 12499 from the name column
12795,12454,ofac_id: 12795 has a jaccard distance of 0.0 with uk_id: 12454 from the name column
12797,12455,ofac_id: 12797 has a jaccard distance of 0.0 with uk_id: 12455 from the name column
12798,12456,ofac_id: 12798 has a jaccard distance of 0.0 with uk_id: 12456 from the name column
12812,11906,ofac_id: 12812 has a jaccard distance of 0.0 with uk_id: 11906 from the name column
12813,12054,ofac_id: 12813 has a jaccard distance of 0.0357142857142857 with uk_id: 12054 from the name column
12847,12203,ofac_id: 12847 has a jaccard distance of 0.050000000000000044 with uk_id: 12203 from the name column
12848,12487,ofac_id: 12848 has a jaccard distance of 0.03703703703703709 with uk_id: 12487 from the name column
12866,12433,ofac_id: 12866 has a jaccard distance of 0.21212121212121215 with uk_id: 12433 from the name column
12867,12644,ofac_id: 12867 has a jaccard distance of 0.04347826086956519 with uk_id: 12644 from the name column
12870,12696,ofac_id: 12870 has a jaccard distance of 0.038461538461538436 with uk_id: 12696 from the name column
12881,12690,ofac_id: 12881 has a jaccard distance of 0.0 with uk_id: 12690 from the name column
12884,13691,ofac_id: 12884 has a jaccard distance of 0.0 with uk_id: 13691 from the name column
12889,12148,ofac_id: 12889 has a jaccard distance of 0.02941176470588236 with uk_id: 12148 from the name column
12890,12629,ofac_id: 12890 has a jaccard distance of 0.0 with uk_id: 12629 from the name column
12915,12204,ofac_id: 12915 has a jaccard distance of 0.0 with uk_id: 12204 from the name column
12917,12630,ofac_id: 12917 has a jaccard distance of 0.0 with uk_id: 12630 from the name column
12920,12154,ofac_id: 12920 has a jaccard distance of 0.19999999999999996 with uk_id: 12154 from the name column
12924,12156,ofac_id: 12924 has a jaccard distance of 0.0 with uk_id: 12156 from the name column
12931,12207,ofac_id: 12931 has a jaccard distance of 0.23529411764705888 with uk_id: 12207 from the name column
12941,11200,ofac_id: 12941 has a jaccard distance of 0.03125 with uk_id: 11200 from the name column
12945,11779,ofac_id: 12945 has a jaccard distance of 0.0 with uk_id: 11779 from the name column
12950,11213,ofac_id: 12950 has a jaccard distance of 0.1333333333333333 with uk_id: 11213 from the name column
12956,11222,ofac_id: 12956 has a jaccard distance of 0.11111111111111116 with uk_id: 11222 from the name column
12958,12438,ofac_id: 12958 has a jaccard distance of 0.0 with uk_id: 12438 from the name column
13001,12011,ofac_id: 13001 has a jaccard distance of 0.0357142857142857 with uk_id: 12011 from the name column
13059,12502,ofac_id: 13059 has a jaccard distance of 0.0 with uk_id: 12502 from the name column
13099,12556,ofac_id: 13099 has a jaccard distance of 0.0 with uk_id: 12556 from the name column
13100,12695,ofac_id: 13100 has a jaccard distance of 0.1724137931034483 with uk_id: 12695 from the name column
13112,12050,ofac_id: 13112 has a jaccard distance of 0.0 with uk_id: 12050 from the name column
13115,11954,ofac_id: 13115 has a jaccard distance of 0.19444444444444442 with uk_id: 11954 from the name column
13153,11232,ofac_id: 13153 has a jaccard distance of 0.0 with uk_id: 11232 from the name column
13156,10656,ofac_id: 13156 has a jaccard distance of 0.032258064516129004 with uk_id: 10656 from the name column
13158,12700,ofac_id: 13158 has a jaccard distance of 0.0 with uk_id: 12700 from the name column
13168,13141,ofac_id: 13168 has a jaccard distance of 0.18518518518518523 with uk_id: 13141 from the name column
13357,12735,ofac_id: 13357 has a jaccard distance of 0.0 with uk_id: 12735 from the name column
13369,12737,ofac_id: 13369 has a jaccard distance of 0.0 with uk_id: 12737 from the name column
13372,12428,ofac_id: 13372 has a jaccard distance of 0.050000000000000044 with uk_id: 12428 from the name column
13373,12429,ofac_id: 13373 has a jaccard distance of 0.03448275862068961 with uk_id: 12429 from the name column
13440,12734,ofac_id: 13440 has a jaccard distance of 0.052631578947368474 with uk_id: 12734 from the name column
13471,12670,ofac_id: 13471 has a jaccard distance of 0.0 with uk_id: 12670 from the name column
13482,12427,ofac_id: 13482 has a jaccard distance of 0.08333333333333337 with uk_id: 12427 from the name column
15005,12704,ofac_id: 15005 has a jaccard distance of 0.052631578947368474 with uk_id: 12704 from the name column
15006,12703,ofac_id: 15006 has a jaccard distance of 0.0 with uk_id: 12703 from the name column
15097,11952,ofac_id: 15097 has a jaccard distance of 0.1470588235294118 with uk_id: 11952 from the name column
15194,12412,ofac_id: 15194 has a jaccard distance of 0.0 with uk_id: 12412 from the name column
15200,12775,ofac_id: 15200 has a jaccard distance of 0.23076923076923073 with uk_id: 12775 from the name column
15216,12760,ofac_id: 15216 has a jaccard distance of 0.0 with uk_id: 12760 from the name column
15217,12732,ofac_id: 15217 has a jaccard distance of 0.045454545454545414 with uk_id: 12732 from the name column
15218,12765,ofac_id: 15218 has a jaccard distance of 0.1071428571428571 with uk_id: 12765 from the name column
15220,12767,ofac_id: 15220 has a jaccard distance of 0.18181818181818177 with uk_id: 12767 from the name column
15221,12769,ofac_id: 15221 has a jaccard distance of 0.0 with uk_id: 12769 from the name column
15222,12505,ofac_id: 15222 has a jaccard distance of 0.0 with uk_id: 12505 from the name column
15223,12504,ofac_id: 15223 has a jaccard distance of 0.0 with uk_id: 12504 from the name column
15224,12640,ofac_id: 15224 has a jaccard distance of 0.0 with uk_id: 12640 from the name column
15225,12637,ofac_id: 15225 has a jaccard distance of 0.0 with uk_id: 12637 from the name column
15226,12636,ofac_id: 15226 has a jaccard distance of 0.0 with uk_id: 12636 from the name column
15227,12506,ofac_id: 15227 has a jaccard distance of 0.09090909090909094 with uk_id: 12506 from the name column
15486,13030,ofac_id: 15486 has a jaccard distance of 0.05882352941176472 with uk_id: 13030 from the name column
15488,13024,ofac_id: 15488 has a jaccard distance of 0.0 with uk_id: 13024 from the name column
15527,12812,ofac_id: 15527 has a jaccard distance of 0.0 with uk_id: 12812 from the name column
15550,12647,ofac_id: 15550 has a jaccard distance of 0.0 with uk_id: 12647 from the name column
15552,11780,ofac_id: 15552 has a jaccard distance of 0.0 with uk_id: 11780 from the name column
15553,12646,ofac_id: 15553 has a jaccard distance of 0.0 with uk_id: 12646 from the name column
15564,12255,ofac_id: 15564 has a jaccard distance of 0.09999999999999998 with uk_id: 12255 from the name column
15566,12781,ofac_id: 15566 has a jaccard distance of 0.10526315789473684 with uk_id: 12781 from the name column
15567,12782,ofac_id: 15567 has a jaccard distance of 0.17647058823529416 with uk_id: 12782 from the name column
15570,9049,ofac_id: 15570 has a jaccard distance of 0.0 with uk_id: 9049 from the name column
15580,12814,ofac_id: 15580 has a jaccard distance of 0.11111111111111116 with uk_id: 12814 from the name column
15590,13134,ofac_id: 15590 has a jaccard distance of 0.0 with uk_id: 13134 from the name column
15630,12830,ofac_id: 15630 has a jaccard distance of 0.0 with uk_id: 12830 from the name column
15638,12840,ofac_id: 15638 has a jaccard distance of 0.18604651162790697 with uk_id: 12840 from the name column
15648,12492,ofac_id: 15648 has a jaccard distance of 0.050000000000000044 with uk_id: 12492 from the name column
15651,11130,ofac_id: 15651 has a jaccard distance of 0.21212121212121215 with uk_id: 11130 from the name column
15657,12846,ofac_id: 15657 has a jaccard distance of 0.16666666666666663 with uk_id: 12846 from the name column
15666,12847,ofac_id: 15666 has a jaccard distance of 0.032258064516129004 with uk_id: 12847 from the name column
15717,12839,ofac_id: 15717 has a jaccard distance of 0.08333333333333337 with uk_id: 12839 from the name column
15718,12838,ofac_id: 15718 has a jaccard distance of 0.0 with uk_id: 12838 from the name column
15771,11034,ofac_id: 15771 has a jaccard distance of 0.0 with uk_id: 11034 from the name column
15832,12862,ofac_id: 15832 has a jaccard distance of 0.0 with uk_id: 12862 from the name column
15881,13862,ofac_id: 15881 has a jaccard distance of 0.0 with uk_id: 13862 from the name column
15885,13886,ofac_id: 15885 has a jaccard distance of 0.0 with uk_id: 13886 from the name column
15888,13870,ofac_id: 15888 has a jaccard distance of 0.0 with uk_id: 13870 from the name column
15891,13881,ofac_id: 15891 has a jaccard distance of 0.1428571428571429 with uk_id: 13881 from the name column
15892,13864,ofac_id: 15892 has a jaccard distance of 0.0 with uk_id: 13864 from the name column
15893,13854,ofac_id: 15893 has a jaccard distance of 0.0 with uk_id: 13854 from the name column
15894,13883,ofac_id: 15894 has a jaccard distance of 0.0 with uk_id: 13883 from the name column
15896,13878,ofac_id: 15896 has a jaccard distance of 0.15000000000000002 with uk_id: 13878 from the name column
15897,13887,ofac_id: 15897 has a jaccard distance of 0.0 with uk_id: 13887 from the name column
15898,13858,ofac_id: 15898 has a jaccard distance of 0.09999999999999998 with uk_id: 13858 from the name column
15909,12820,ofac_id: 15909 has a jaccard distance of 0.125 with uk_id: 12820 from the name column
16000,12890,ofac_id: 16000 has a jaccard distance of 0.052631578947368474 with uk_id: 12890 from the name column
16083,13424,ofac_id: 16083 has a jaccard distance of 0.11111111111111116 with uk_id: 13424 from the name column
16084,13420,ofac_id: 16084 has a jaccard distance of 0.16666666666666663 with uk_id: 13420 from the name column
16086,13431,ofac_id: 16086 has a jaccard distance of 0.052631578947368474 with uk_id: 13431 from the name column
16225,12886,ofac_id: 16225 has a jaccard distance of 0.0 with uk_id: 12886 from the name column
16228,12996,ofac_id: 16228 has a jaccard distance of 0.0 with uk_id: 12996 from the name column
16229,12986,ofac_id: 16229 has a jaccard distance of 0.0 with uk_id: 12986 from the name column
16230,12991,ofac_id: 16230 has a jaccard distance of 0.0 with uk_id: 12991 from the name column
16231,12989,ofac_id: 16231 has a jaccard distance of 0.0 with uk_id: 12989 from the name column
16232,12990,ofac_id: 16232 has a jaccard distance of 0.0 with uk_id: 12990 from the name column
16280,12884,ofac_id: 16280 has a jaccard distance of 0.0625 with uk_id: 12884 from the name column
16393,13865,ofac_id: 16393 has a jaccard distance of 0.0 with uk_id: 13865 from the name column
16394,13852,ofac_id: 16394 has a jaccard distance of 0.0 with uk_id: 13852 from the name column
16395,13860,ofac_id: 16395 has a jaccard distance of 0.04166666666666663 with uk_id: 13860 from the name column
16396,13859,ofac_id: 16396 has a jaccard distance of 0.0 with uk_id: 13859 from the name column
16431,13877,ofac_id: 16431 has a jaccard distance of 0.0 with uk_id: 13877 from the name column
16436,11203,ofac_id: 16436 has a jaccard distance of 0.11764705882352944 with uk_id: 11203 from the name column
16477,13140,ofac_id: 16477 has a jaccard distance of 0.24137931034482762 with uk_id: 13140 from the name column
16498,13136,ofac_id: 16498 has a jaccard distance of 0.03125 with uk_id: 13136 from the name column
16517,13145,ofac_id: 16517 has a jaccard distance of 0.0 with uk_id: 13145 from the name column
16518,13144,ofac_id: 16518 has a jaccard distance of 0.0 with uk_id: 13144 from the name column
16519,13146,ofac_id: 16519 has a jaccard distance of 0.0 with uk_id: 13146 from the name column
16642,12922,ofac_id: 16642 has a jaccard distance of 0.0 with uk_id: 12922 from the name column
16646,12195,ofac_id: 16646 has a jaccard distance of 0.0 with uk_id: 12195 from the name column
16648,12923,ofac_id: 16648 has a jaccard distance of 0.09375 with uk_id: 12923 from the name column
16649,12935,ofac_id: 16649 has a jaccard distance of 0.0 with uk_id: 12935 from the name column
16651,13266,ofac_id: 16651 has a jaccard distance of 0.0 with uk_id: 13266 from the name column
16655,12937,ofac_id: 16655 has a jaccard distance of 0.0 with uk_id: 12937 from the name column
16660,12943,ofac_id: 16660 has a jaccard distance of 0.0 with uk_id: 12943 from the name column
16664,12912,ofac_id: 16664 has a jaccard distance of 0.0 with uk_id: 12912 from the name column
16665,12913,ofac_id: 16665 has a jaccard distance of 0.0 with uk_id: 12913 from the name column
16668,12920,ofac_id: 16668 has a jaccard distance of 0.0 with uk_id: 12920 from the name column
16670,12919,ofac_id: 16670 has a jaccard distance of 0.0 with uk_id: 12919 from the name column
16673,12915,ofac_id: 16673 has a jaccard distance of 0.0 with uk_id: 12915 from the name column
16674,12917,ofac_id: 16674 has a jaccard distance of 0.0 with uk_id: 12917 from the name column
16678,12926,ofac_id: 16678 has a jaccard distance of 0.0 with uk_id: 12926 from the name column
16680,13075,ofac_id: 16680 has a jaccard distance of 0.12 with uk_id: 13075 from the name column
16708,13124,ofac_id: 16708 has a jaccard distance of 0.0 with uk_id: 13124 from the name column
16715,12927,ofac_id: 16715 has a jaccard distance of 0.0 with uk_id: 12927 from the name column
16721,12896,ofac_id: 16721 has a jaccard distance of 0.0 with uk_id: 12896 from the name column
16724,12999,ofac_id: 16724 has a jaccard distance of 0.1333333333333333 with uk_id: 12999 from the name column
16753,12924,ofac_id: 16753 has a jaccard distance of 0.0 with uk_id: 12924 from the name column
16759,12933,ofac_id: 16759 has a jaccard distance of 0.1071428571428571 with uk_id: 12933 from the name column
16760,12929,ofac_id: 16760 has a jaccard distance of 0.18181818181818177 with uk_id: 12929 from the name column
16908,13028,ofac_id: 16908 has a jaccard distance of 0.16666666666666663 with uk_id: 13028 from the name column
16909,13029,ofac_id: 16909 has a jaccard distance of 0.050000000000000044 with uk_id: 13029 from the name column
16912,13022,ofac_id: 16912 has a jaccard distance of 0.0 with uk_id: 13022 from the name column
16917,12956,ofac_id: 16917 has a jaccard distance of 0.0 with uk_id: 12956 from the name column
16934,13971,ofac_id: 16934 has a jaccard distance of 0.0 with uk_id: 13971 from the name column
16934,12953,ofac_id: 16934 has a jaccard distance of 0.0 with uk_id: 12953 from the name column
16936,13065,ofac_id: 16936 has a jaccard distance of 0.0 with uk_id: 13065 from the name column
16938,12952,ofac_id: 16938 has a jaccard distance of 0.0 with uk_id: 12952 from the name column
16949,12969,ofac_id: 16949 has a jaccard distance of 0.0 with uk_id: 12969 from the name column
16961,12964,ofac_id: 16961 has a jaccard distance of 0.0 with uk_id: 12964 from the name column
16996,12801,ofac_id: 16996 has a jaccard distance of 0.07692307692307687 with uk_id: 12801 from the name column
16997,12799,ofac_id: 16997 has a jaccard distance of 0.11111111111111116 with uk_id: 12799 from the name column
17019,13045,ofac_id: 17019 has a jaccard distance of 0.16000000000000003 with uk_id: 13045 from the name column
17048,13128,ofac_id: 17048 has a jaccard distance of 0.0 with uk_id: 13128 from the name column
17065,13048,ofac_id: 17065 has a jaccard distance of 0.24242424242424243 with uk_id: 13048 from the name column
17068,13143,ofac_id: 17068 has a jaccard distance of 0.11111111111111116 with uk_id: 13143 from the name column
17083,12971,ofac_id: 17083 has a jaccard distance of 0.125 with uk_id: 12971 from the name column
17123,13093,ofac_id: 17123 has a jaccard distance of 0.0 with uk_id: 13093 from the name column
17150,13269,ofac_id: 17150 has a jaccard distance of 0.0 with uk_id: 13269 from the name column
17166,13132,ofac_id: 17166 has a jaccard distance of 0.0 with uk_id: 13132 from the name column
17185,13089,ofac_id: 17185 has a jaccard distance of 0.0 with uk_id: 13089 from the name column
17188,13012,ofac_id: 17188 has a jaccard distance of 0.0 with uk_id: 13012 from the name column
17242,12486,ofac_id: 17242 has a jaccard distance of 0.0357142857142857 with uk_id: 12486 from the name column
17243,12483,ofac_id: 17243 has a jaccard distance of 0.06666666666666665 with uk_id: 12483 from the name column
17244,12485,ofac_id: 17244 has a jaccard distance of 0.09090909090909094 with uk_id: 12485 from the name column
17245,12484,ofac_id: 17245 has a jaccard distance of 0.052631578947368474 with uk_id: 12484 from the name column
17261,12977,ofac_id: 17261 has a jaccard distance of 0.0 with uk_id: 12977 from the name column
17265,13067,ofac_id: 17265 has a jaccard distance of 0.0 with uk_id: 13067 from the name column
17267,13021,ofac_id: 17267 has a jaccard distance of 0.0 with uk_id: 13021 from the name column
17269,13241,ofac_id: 17269 has a jaccard distance of 0.19999999999999996 with uk_id: 13241 from the name column
17280,13320,ofac_id: 17280 has a jaccard distance of 0.0 with uk_id: 13320 from the name column
17282,13292,ofac_id: 17282 has a jaccard distance of 0.0 with uk_id: 13292 from the name column
17284,13147,ofac_id: 17284 has a jaccard distance of 0.0 with uk_id: 13147 from the name column
17294,13321,ofac_id: 17294 has a jaccard distance of 0.0 with uk_id: 13321 from the name column
17296,13315,ofac_id: 17296 has a jaccard distance of 0.0 with uk_id: 13315 from the name column
17299,13323,ofac_id: 17299 has a jaccard distance of 0.052631578947368474 with uk_id: 13323 from the name column
17301,13066,ofac_id: 17301 has a jaccard distance of 0.0 with uk_id: 13066 from the name column
17320,12992,ofac_id: 17320 has a jaccard distance of 0.0 with uk_id: 12992 from the name column
17321,12988,ofac_id: 17321 has a jaccard distance of 0.0 with uk_id: 12988 from the name column
17326,12713,ofac_id: 17326 has a jaccard distance of 0.0 with uk_id: 12713 from the name column
17368,13191,ofac_id: 17368 has a jaccard distance of 0.1578947368421053 with uk_id: 13191 from the name column
17386,13190,ofac_id: 17386 has a jaccard distance of 0.0 with uk_id: 13190 from the name column
17426,13017,ofac_id: 17426 has a jaccard distance of 0.22580645161290325 with uk_id: 13017 from the name column
17546,13875,ofac_id: 17546 has a jaccard distance of 0.0 with uk_id: 13875 from the name column
17547,13872,ofac_id: 17547 has a jaccard distance of 0.0 with uk_id: 13872 from the name column
17614,12439,ofac_id: 17614 has a jaccard distance of 0.0 with uk_id: 12439 from the name column
17620,13529,ofac_id: 17620 has a jaccard distance of 0.23076923076923073 with uk_id: 13529 from the name column
17627,13331,ofac_id: 17627 has a jaccard distance of 0.2222222222222222 with uk_id: 13331 from the name column
17668,13246,ofac_id: 17668 has a jaccard distance of 0.0 with uk_id: 13246 from the name column
17754,13063,ofac_id: 17754 has a jaccard distance of 0.2272727272727273 with uk_id: 13063 from the name column
17755,13078,ofac_id: 17755 has a jaccard distance of 0.03703703703703709 with uk_id: 13078 from the name column
17807,13694,ofac_id: 17807 has a jaccard distance of 0.12903225806451613 with uk_id: 13694 from the name column
17808,13583,ofac_id: 17808 has a jaccard distance of 0.0 with uk_id: 13583 from the name column
17810,13581,ofac_id: 17810 has a jaccard distance of 0.0 with uk_id: 13581 from the name column
18007,14067,ofac_id: 18007 has a jaccard distance of 0.0 with uk_id: 14067 from the name column
18008,13150,ofac_id: 18008 has a jaccard distance of 0.0 with uk_id: 13150 from the name column
18050,13442,ofac_id: 18050 has a jaccard distance of 0.1428571428571429 with uk_id: 13442 from the name column
18225,13263,ofac_id: 18225 has a jaccard distance of 0.2222222222222222 with uk_id: 13263 from the name column
18226,13264,ofac_id: 18226 has a jaccard distance of 0.0 with uk_id: 13264 from the name column
18427,13271,ofac_id: 18427 has a jaccard distance of 0.0 with uk_id: 13271 from the name column
18428,13272,ofac_id: 18428 has a jaccard distance of 0.0 with uk_id: 13272 from the name column
18554,13662,ofac_id: 18554 has a jaccard distance of 0.08333333333333337 with uk_id: 13662 from the name column
18568,13487,ofac_id: 18568 has a jaccard distance of 0.11363636363636365 with uk_id: 13487 from the name column
18591,13317,ofac_id: 18591 has a jaccard distance of 0.0 with uk_id: 13317 from the name column
18603,13319,ofac_id: 18603 has a jaccard distance of 0.0 with uk_id: 13319 from the name column
18621,13354,ofac_id: 18621 has a jaccard distance of 0.0 with uk_id: 13354 from the name column
18633,13290,ofac_id: 18633 has a jaccard distance of 0.0 with uk_id: 13290 from the name column
18634,13313,ofac_id: 18634 has a jaccard distance of 0.0 with uk_id: 13313 from the name column
18635,13289,ofac_id: 18635 has a jaccard distance of 0.15384615384615385 with uk_id: 13289 from the name column
18637,13291,ofac_id: 18637 has a jaccard distance of 0.0 with uk_id: 13291 from the name column
18642,13301,ofac_id: 18642 has a jaccard distance of 0.11111111111111116 with uk_id: 13301 from the name column
18651,13297,ofac_id: 18651 has a jaccard distance of 0.0 with uk_id: 13297 from the name column
18655,12963,ofac_id: 18655 has a jaccard distance of 0.0 with uk_id: 12963 from the name column
18656,13182,ofac_id: 18656 has a jaccard distance of 0.0 with uk_id: 13182 from the name column
18966,13059,ofac_id: 18966 has a jaccard distance of 0.2272727272727273 with uk_id: 13059 from the name column
18996,13232,ofac_id: 18996 has a jaccard distance of 0.0 with uk_id: 13232 from the name column
19030,13097,ofac_id: 19030 has a jaccard distance of 0.0 with uk_id: 13097 from the name column
19035,13174,ofac_id: 19035 has a jaccard distance of 0.0 with uk_id: 13174 from the name column
19099,13853,ofac_id: 19099 has a jaccard distance of 0.0 with uk_id: 13853 from the name column
19100,13345,ofac_id: 19100 has a jaccard distance of 0.045454545454545414 with uk_id: 13345 from the name column
19128,13309,ofac_id: 19128 has a jaccard distance of 0.0 with uk_id: 13309 from the name column
19129,13308,ofac_id: 19129 has a jaccard distance of 0.0 with uk_id: 13308 from the name column
19268,13868,ofac_id: 19268 has a jaccard distance of 0.0 with uk_id: 13868 from the name column
19488,13338,ofac_id: 19488 has a jaccard distance of 0.2222222222222222 with uk_id: 13338 from the name column
19489,13541,ofac_id: 19489 has a jaccard distance of 0.13043478260869568 with uk_id: 13541 from the name column
19492,13339,ofac_id: 19492 has a jaccard distance of 0.03448275862068961 with uk_id: 13339 from the name column
19493,13342,ofac_id: 19493 has a jaccard distance of 0.040000000000000036 with uk_id: 13342 from the name column
19497,13540,ofac_id: 19497 has a jaccard distance of 0.16666666666666663 with uk_id: 13540 from the name column
19498,13257,ofac_id: 19498 has a jaccard distance of 0.0 with uk_id: 13257 from the name column
19508,13426,ofac_id: 19508 has a jaccard distance of 0.0 with uk_id: 13426 from the name column
19509,13425,ofac_id: 19509 has a jaccard distance of 0.03448275862068961 with uk_id: 13425 from the name column
19530,13343,ofac_id: 19530 has a jaccard distance of 0.02564102564102566 with uk_id: 13343 from the name column
19613,13551,ofac_id: 19613 has a jaccard distance of 0.02857142857142858 with uk_id: 13551 from the name column
19629,13427,ofac_id: 19629 has a jaccard distance of 0.027027027027026973 with uk_id: 13427 from the name column
19630,13428,ofac_id: 19630 has a jaccard distance of 0.03125 with uk_id: 13428 from the name column
19790,13900,ofac_id: 19790 has a jaccard distance of 0.21999999999999997 with uk_id: 13900 from the name column
19850,13448,ofac_id: 19850 has a jaccard distance of 0.0 with uk_id: 13448 from the name column
19929,13379,ofac_id: 19929 has a jaccard distance of 0.0 with uk_id: 13379 from the name column
19930,13378,ofac_id: 19930 has a jaccard distance of 0.0 with uk_id: 13378 from the name column
20029,13701,ofac_id: 20029 has a jaccard distance of 0.0714285714285714 with uk_id: 13701 from the name column
20123,13542,ofac_id: 20123 has a jaccard distance of 0.032258064516129004 with uk_id: 13542 from the name column
20124,13472,ofac_id: 20124 has a jaccard distance of 0.19999999999999996 with uk_id: 13472 from the name column
20125,13475,ofac_id: 20125 has a jaccard distance of 0.16666666666666663 with uk_id: 13475 from the name column
20239,13376,ofac_id: 20239 has a jaccard distance of 0.0 with uk_id: 13376 from the name column
20240,13377,ofac_id: 20240 has a jaccard distance of 0.0 with uk_id: 13377 from the name column
20250,13679,ofac_id: 20250 has a jaccard distance of 0.1333333333333333 with uk_id: 13679 from the name column
20272,13100,ofac_id: 20272 has a jaccard distance of 0.0 with uk_id: 13100 from the name column
20282,13099,ofac_id: 20282 has a jaccard distance of 0.0 with uk_id: 13099 from the name column
20285,13700,ofac_id: 20285 has a jaccard distance of 0.13953488372093026 with uk_id: 13700 from the name column
20419,13433,ofac_id: 20419 has a jaccard distance of 0.0 with uk_id: 13433 from the name column
20420,13436,ofac_id: 20420 has a jaccard distance of 0.0 with uk_id: 13436 from the name column
20569,13537,ofac_id: 20569 has a jaccard distance of 0.0357142857142857 with uk_id: 13537 from the name column
20572,13486,ofac_id: 20572 has a jaccard distance of 0.09999999999999998 with uk_id: 13486 from the name column
20578,13538,ofac_id: 20578 has a jaccard distance of 0.02564102564102566 with uk_id: 13538 from the name column
20580,13484,ofac_id: 20580 has a jaccard distance of 0.045454545454545414 with uk_id: 13484 from the name column
20603,13485,ofac_id: 20603 has a jaccard distance of 0.0 with uk_id: 13485 from the name column
20920,13392,ofac_id: 20920 has a jaccard distance of 0.0 with uk_id: 13392 from the name column
20921,13393,ofac_id: 20921 has a jaccard distance of 0.15384615384615385 with uk_id: 13393 from the name column
20922,13391,ofac_id: 20922 has a jaccard distance of 0.0 with uk_id: 13391 from the name column
20923,13390,ofac_id: 20923 has a jaccard distance of 0.0 with uk_id: 13390 from the name column
20924,13394,ofac_id: 20924 has a jaccard distance of 0.0 with uk_id: 13394 from the name column
20940,13229,ofac_id: 20940 has a jaccard distance of 0.0 with uk_id: 13229 from the name column
20941,13494,ofac_id: 20941 has a jaccard distance of 0.0 with uk_id: 13494 from the name column
20942,13493,ofac_id: 20942 has a jaccard distance of 0.0 with uk_id: 13493 from the name column
20946,12042,ofac_id: 20946 has a jaccard distance of 0.15384615384615385 with uk_id: 12042 from the name column
20949,13495,ofac_id: 20949 has a jaccard distance of 0.0 with uk_id: 13495 from the name column
20950,13252,ofac_id: 20950 has a jaccard distance of 0.19999999999999996 with uk_id: 13252 from the name column
20959,13450,ofac_id: 20959 has a jaccard distance of 0.0 with uk_id: 13450 from the name column
20964,13399,ofac_id: 20964 has a jaccard distance of 0.0 with uk_id: 13399 from the name column
20965,13398,ofac_id: 20965 has a jaccard distance of 0.0 with uk_id: 13398 from the name column
20967,13406,ofac_id: 20967 has a jaccard distance of 0.15384615384615385 with uk_id: 13406 from the name column
20969,13395,ofac_id: 20969 has a jaccard distance of 0.0 with uk_id: 13395 from the name column
20998,13610,ofac_id: 20998 has a jaccard distance of 0.23809523809523814 with uk_id: 13610 from the name column
21144,13459,ofac_id: 21144 has a jaccard distance of 0.0 with uk_id: 13459 from the name column
21165,13452,ofac_id: 21165 has a jaccard distance of 0.0 with uk_id: 13452 from the name column
21171,13968,ofac_id: 21171 has a jaccard distance of 0.0 with uk_id: 13968 from the name column
21184,13310,ofac_id: 21184 has a jaccard distance of 0.19999999999999996 with uk_id: 13310 from the name column
21186,13867,ofac_id: 21186 has a jaccard distance of 0.0 with uk_id: 13867 from the name column
21248,13228,ofac_id: 21248 has a jaccard distance of 0.0 with uk_id: 13228 from the name column
21265,13446,ofac_id: 21265 has a jaccard distance of 0.0 with uk_id: 13446 from the name column
21330,13748,ofac_id: 21330 has a jaccard distance of 0.0 with uk_id: 13748 from the name column
21331,13747,ofac_id: 21331 has a jaccard distance of 0.0 with uk_id: 13747 from the name column
21363,13511,ofac_id: 21363 has a jaccard distance of 0.0 with uk_id: 13511 from the name column
21388,13518,ofac_id: 21388 has a jaccard distance of 0.0 with uk_id: 13518 from the name column
21405,13830,ofac_id: 21405 has a jaccard distance of 0.04761904761904767 with uk_id: 13830 from the name column
21424,13235,ofac_id: 21424 has a jaccard distance of 0.1282051282051282 with uk_id: 13235 from the name column
21726,13515,ofac_id: 21726 has a jaccard distance of 0.08823529411764708 with uk_id: 13515 from the name column
21728,13513,ofac_id: 21728 has a jaccard distance of 0.0 with uk_id: 13513 from the name column
21731,13714,ofac_id: 21731 has a jaccard distance of 0.0 with uk_id: 13714 from the name column
21732,13539,ofac_id: 21732 has a jaccard distance of 0.0 with uk_id: 13539 from the name column
21959,13508,ofac_id: 21959 has a jaccard distance of 0.0 with uk_id: 13508 from the name column
22183,13584,ofac_id: 22183 has a jaccard distance of 0.0 with uk_id: 13584 from the name column
22247,13845,ofac_id: 22247 has a jaccard distance of 0.0 with uk_id: 13845 from the name column
22255,13236,ofac_id: 22255 has a jaccard distance of 0.02857142857142858 with uk_id: 13236 from the name column
22284,13548,ofac_id: 22284 has a jaccard distance of 0.050000000000000044 with uk_id: 13548 from the name column
22285,13575,ofac_id: 22285 has a jaccard distance of 0.15625 with uk_id: 13575 from the name column
22409,13723,ofac_id: 22409 has a jaccard distance of 0.12 with uk_id: 13723 from the name column
22411,12968,ofac_id: 22411 has a jaccard distance of 0.0 with uk_id: 12968 from the name column
22464,13617,ofac_id: 22464 has a jaccard distance of 0.04166666666666663 with uk_id: 13617 from the name column
22643,13516,ofac_id: 22643 has a jaccard distance of 0.14814814814814814 with uk_id: 13516 from the name column
22747,13580,ofac_id: 22747 has a jaccard distance of 0.0 with uk_id: 13580 from the name column
22748,13688,ofac_id: 22748 has a jaccard distance of 0.0 with uk_id: 13688 from the name column
22750,13585,ofac_id: 22750 has a jaccard distance of 0.0 with uk_id: 13585 from the name column
22751,13582,ofac_id: 22751 has a jaccard distance of 0.0 with uk_id: 13582 from the name column
22752,13683,ofac_id: 22752 has a jaccard distance of 0.0 with uk_id: 13683 from the name column
22753,13680,ofac_id: 22753 has a jaccard distance of 0.0 with uk_id: 13680 from the name column
22863,13615,ofac_id: 22863 has a jaccard distance of 0.0 with uk_id: 13615 from the name column
22903,13698,ofac_id: 22903 has a jaccard distance of 0.0 with uk_id: 13698 from the name column
22996,12439,ofac_id: 22996 has a jaccard distance of 0.15384615384615385 with uk_id: 12439 from the name column
23090,13360,ofac_id: 23090 has a jaccard distance of 0.23076923076923073 with uk_id: 13360 from the name column
23126,13690,ofac_id: 23126 has a jaccard distance of 0.0 with uk_id: 13690 from the name column
23128,13844,ofac_id: 23128 has a jaccard distance of 0.23076923076923073 with uk_id: 13844 from the name column
23130,13846,ofac_id: 23130 has a jaccard distance of 0.0 with uk_id: 13846 from the name column
23253,13856,ofac_id: 23253 has a jaccard distance of 0.0 with uk_id: 13856 from the name column
23278,13682,ofac_id: 23278 has a jaccard distance of 0.0 with uk_id: 13682 from the name column
23305,14005,ofac_id: 23305 has a jaccard distance of 0.0 with uk_id: 14005 from the name column
23343,13042,ofac_id: 23343 has a jaccard distance of 0.2222222222222222 with uk_id: 13042 from the name column
23383,14065,ofac_id: 23383 has a jaccard distance of 0.0 with uk_id: 14065 from the name column
23429,11152,ofac_id: 23429 has a jaccard distance of 0.11538461538461542 with uk_id: 11152 from the name column
23433,11153,ofac_id: 23433 has a jaccard distance of 0.16666666666666663 with uk_id: 11153 from the name column
23470,11801,ofac_id: 23470 has a jaccard distance of 0.1428571428571429 with uk_id: 11801 from the name column
23471,11796,ofac_id: 23471 has a jaccard distance of 0.0 with uk_id: 11796 from the name column
23545,13521,ofac_id: 23545 has a jaccard distance of 0.0 with uk_id: 13521 from the name column
23546,13522,ofac_id: 23546 has a jaccard distance of 0.0 with uk_id: 13522 from the name column
23558,13558,ofac_id: 23558 has a jaccard distance of 0.0 with uk_id: 13558 from the name column
23567,13523,ofac_id: 23567 has a jaccard distance of 0.09999999999999998 with uk_id: 13523 from the name column
23582,13208,ofac_id: 23582 has a jaccard distance of 0.0 with uk_id: 13208 from the name column
23634,6911,ofac_id: 23634 has a jaccard distance of 0.0 with uk_id: 6911 from the name column
23643,13604,ofac_id: 23643 has a jaccard distance of 0.0 with uk_id: 13604 from the name column
23644,13605,ofac_id: 23644 has a jaccard distance of 0.0 with uk_id: 13605 from the name column
23645,13606,ofac_id: 23645 has a jaccard distance of 0.11764705882352944 with uk_id: 13606 from the name column
23705,13627,ofac_id: 23705 has a jaccard distance of 0.0 with uk_id: 13627 from the name column
23706,13629,ofac_id: 23706 has a jaccard distance of 0.04761904761904767 with uk_id: 13629 from the name column
23707,13632,ofac_id: 23707 has a jaccard distance of 0.045454545454545414 with uk_id: 13632 from the name column
23708,13633,ofac_id: 23708 has a jaccard distance of 0.038461538461538436 with uk_id: 13633 from the name column
23711,13634,ofac_id: 23711 has a jaccard distance of 0.040000000000000036 with uk_id: 13634 from the name column
23712,13635,ofac_id: 23712 has a jaccard distance of 0.13636363636363635 with uk_id: 13635 from the name column
23714,13637,ofac_id: 23714 has a jaccard distance of 0.038461538461538436 with uk_id: 13637 from the name column
23715,13640,ofac_id: 23715 has a jaccard distance of 0.05555555555555558 with uk_id: 13640 from the name column
23717,13641,ofac_id: 23717 has a jaccard distance of 0.040000000000000036 with uk_id: 13641 from the name column
23724,13639,ofac_id: 23724 has a jaccard distance of 0.05555555555555558 with uk_id: 13639 from the name column
23725,13628,ofac_id: 23725 has a jaccard distance of 0.052631578947368474 with uk_id: 13628 from the name column
23726,13647,ofac_id: 23726 has a jaccard distance of 0.09090909090909094 with uk_id: 13647 from the name column
23727,13657,ofac_id: 23727 has a jaccard distance of 0.11111111111111116 with uk_id: 13657 from the name column
23728,13661,ofac_id: 23728 has a jaccard distance of 0.08333333333333337 with uk_id: 13661 from the name column
23729,13656,ofac_id: 23729 has a jaccard distance of 0.09090909090909094 with uk_id: 13656 from the name column
23730,13648,ofac_id: 23730 has a jaccard distance of 0.19999999999999996 with uk_id: 13648 from the name column
23732,13649,ofac_id: 23732 has a jaccard distance of 0.09090909090909094 with uk_id: 13649 from the name column
23733,13650,ofac_id: 23733 has a jaccard distance of 0.09999999999999998 with uk_id: 13650 from the name column
23734,13651,ofac_id: 23734 has a jaccard distance of 0.09999999999999998 with uk_id: 13651 from the name column
23735,13652,ofac_id: 23735 has a jaccard distance of 0.125 with uk_id: 13652 from the name column
23736,13653,ofac_id: 23736 has a jaccard distance of 0.11111111111111116 with uk_id: 13653 from the name column
23737,13654,ofac_id: 23737 has a jaccard distance of 0.1428571428571429 with uk_id: 13654 from the name column
23738,13655,ofac_id: 23738 has a jaccard distance of 0.11111111111111116 with uk_id: 13655 from the name column
23739,13660,ofac_id: 23739 has a jaccard distance of 0.11111111111111116 with uk_id: 13660 from the name column
23740,13659,ofac_id: 23740 has a jaccard distance of 0.09999999999999998 with uk_id: 13659 from the name column
23744,13658,ofac_id: 23744 has a jaccard distance of 0.16666666666666663 with uk_id: 13658 from the name column
23763,13626,ofac_id: 23763 has a jaccard distance of 0.04166666666666663 with uk_id: 13626 from the name column
23769,13644,ofac_id: 23769 has a jaccard distance of 0.2068965517241379 with uk_id: 13644 from the name column
23775,13645,ofac_id: 23775 has a jaccard distance of 0.0 with uk_id: 13645 from the name column
23777,13630,ofac_id: 23777 has a jaccard distance of 0.0 with uk_id: 13630 from the name column
23785,13638,ofac_id: 23785 has a jaccard distance of 0.11111111111111116 with uk_id: 13638 from the name column
23787,13646,ofac_id: 23787 has a jaccard distance of 0.04347826086956519 with uk_id: 13646 from the name column
23824,13642,ofac_id: 23824 has a jaccard distance of 0.04166666666666663 with uk_id: 13642 from the name column
23825,13631,ofac_id: 23825 has a jaccard distance of 0.06451612903225812 with uk_id: 13631 from the name column
23923,13619,ofac_id: 23923 has a jaccard distance of 0.0 with uk_id: 13619 from the name column
23924,13618,ofac_id: 23924 has a jaccard distance of 0.0 with uk_id: 13618 from the name column
24309,13036,ofac_id: 24309 has a jaccard distance of 0.0 with uk_id: 13036 from the name column
24312,13676,ofac_id: 24312 has a jaccard distance of 0.10526315789473684 with uk_id: 13676 from the name column
24315,13035,ofac_id: 24315 has a jaccard distance of 0.0 with uk_id: 13035 from the name column
24424,13586,ofac_id: 24424 has a jaccard distance of 0.0 with uk_id: 13586 from the name column
24585,12865,ofac_id: 24585 has a jaccard distance of 0.0 with uk_id: 12865 from the name column
24590,11778,ofac_id: 24590 has a jaccard distance of 0.0 with uk_id: 11778 from the name column
24783,13709,ofac_id: 24783 has a jaccard distance of 0.1578947368421053 with uk_id: 13709 from the name column
24807,13735,ofac_id: 24807 has a jaccard distance of 0.0 with uk_id: 13735 from the name column
24808,13681,ofac_id: 24808 has a jaccard distance of 0.0 with uk_id: 13681 from the name column
24809,13692,ofac_id: 24809 has a jaccard distance of 0.0 with uk_id: 13692 from the name column
24810,13689,ofac_id: 24810 has a jaccard distance of 0.0 with uk_id: 13689 from the name column
25077,13687,ofac_id: 25077 has a jaccard distance of 0.0 with uk_id: 13687 from the name column
26078,13874,ofac_id: 26078 has a jaccard distance of 0.125 with uk_id: 13874 from the name column
26086,13879,ofac_id: 26086 has a jaccard distance of 0.125 with uk_id: 13879 from the name column
26091,13889,ofac_id: 26091 has a jaccard distance of 0.09523809523809523 with uk_id: 13889 from the name column
26092,13888,ofac_id: 26092 has a jaccard distance of 0.21052631578947367 with uk_id: 13888 from the name column
26094,13719,ofac_id: 26094 has a jaccard distance of 0.0 with uk_id: 13719 from the name column
26095,13720,ofac_id: 26095 has a jaccard distance of 0.0 with uk_id: 13720 from the name column
26125,13837,ofac_id: 26125 has a jaccard distance of 0.21052631578947367 with uk_id: 13837 from the name column
26170,13744,ofac_id: 26170 has a jaccard distance of 0.0 with uk_id: 13744 from the name column
26171,13751,ofac_id: 26171 has a jaccard distance of 0.0 with uk_id: 13751 from the name column
26388,14008,ofac_id: 26388 has a jaccard distance of 0.0 with uk_id: 14008 from the name column
26416,14009,ofac_id: 26416 has a jaccard distance of 0.0 with uk_id: 14009 from the name column
26529,13236,ofac_id: 26529 has a jaccard distance of 0.23076923076923073 with uk_id: 13236 from the name column
26723,13873,ofac_id: 26723 has a jaccard distance of 0.24 with uk_id: 13873 from the name column
26725,14007,ofac_id: 26725 has a jaccard distance of 0.21875 with uk_id: 14007 from the name column
26886,13755,ofac_id: 26886 has a jaccard distance of 0.0 with uk_id: 13755 from the name column
26889,13817,ofac_id: 26889 has a jaccard distance of 0.0 with uk_id: 13817 from the name column
26894,13765,ofac_id: 26894 has a jaccard distance of 0.033333333333333326 with uk_id: 13765 from the name column
26941,11235,ofac_id: 26941 has a jaccard distance of 0.1875 with uk_id: 11235 from the name column
26942,12498,ofac_id: 26942 has a jaccard distance of 0.11111111111111116 with uk_id: 12498 from the name column
26990,13790,ofac_id: 26990 has a jaccard distance of 0.0 with uk_id: 13790 from the name column
27000,13789,ofac_id: 27000 has a jaccard distance of 0.0 with uk_id: 13789 from the name column
27156,13800,ofac_id: 27156 has a jaccard distance of 0.0 with uk_id: 13800 from the name column
27223,13684,ofac_id: 27223 has a jaccard distance of 0.0 with uk_id: 13684 from the name column
27224,13686,ofac_id: 27224 has a jaccard distance of 0.0 with uk_id: 13686 from the name column
27225,13897,ofac_id: 27225 has a jaccard distance of 0.0 with uk_id: 13897 from the name column
27226,13898,ofac_id: 27226 has a jaccard distance of 0.0 with uk_id: 13898 from the name column
27583,13799,ofac_id: 27583 has a jaccard distance of 0.0 with uk_id: 13799 from the name column
27687,13841,ofac_id: 27687 has a jaccard distance of 0.0 with uk_id: 13841 from the name column
27850,12199,ofac_id: 27850 has a jaccard distance of 0.2222222222222222 with uk_id: 12199 from the name column
27863,13791,ofac_id: 27863 has a jaccard distance of 0.0 with uk_id: 13791 from the name column
27865,13812,ofac_id: 27865 has a jaccard distance of 0.09090909090909094 with uk_id: 13812 from the name column
28184,13926,ofac_id: 28184 has a jaccard distance of 0.0 with uk_id: 13926 from the name column
28312,13850,ofac_id: 28312 has a jaccard distance of 0.0 with uk_id: 13850 from the name column
28350,13810,ofac_id: 28350 has a jaccard distance of 0.0 with uk_id: 13810 from the name column
28351,13805,ofac_id: 28351 has a jaccard distance of 0.0 with uk_id: 13805 from the name column
28352,13806,ofac_id: 28352 has a jaccard distance of 0.0 with uk_id: 13806 from the name column
28353,13807,ofac_id: 28353 has a jaccard distance of 0.040000000000000036 with uk_id: 13807 from the name column
28354,13808,ofac_id: 28354 has a jaccard distance of 0.038461538461538436 with uk_id: 13808 from the name column
28564,14052,ofac_id: 28564 has a jaccard distance of 0.0 with uk_id: 14052 from the name column
28653,12211,ofac_id: 28653 has a jaccard distance of 0.2222222222222222 with uk_id: 12211 from the name column
28717,13840,ofac_id: 28717 has a jaccard distance of 0.0 with uk_id: 13840 from the name column
29026,13760,ofac_id: 29026 has a jaccard distance of 0.0 with uk_id: 13760 from the name column
29043,13766,ofac_id: 29043 has a jaccard distance of 0.024390243902439046 with uk_id: 13766 from the name column
29045,13821,ofac_id: 29045 has a jaccard distance of 0.0 with uk_id: 13821 from the name column
29046,13753,ofac_id: 29046 has a jaccard distance of 0.2222222222222222 with uk_id: 13753 from the name column
29048,13764,ofac_id: 29048 has a jaccard distance of 0.022727272727272707 with uk_id: 13764 from the name column
29076,12635,ofac_id: 29076 has a jaccard distance of 0.0 with uk_id: 12635 from the name column
29462,14072,ofac_id: 29462 has a jaccard distance of 0.0 with uk_id: 14072 from the name column
29663,13936,ofac_id: 29663 has a jaccard distance of 0.0 with uk_id: 13936 from the name column
29674,13963,ofac_id: 29674 has a jaccard distance of 0.15384615384615385 with uk_id: 13963 from the name column
30084,12726,ofac_id: 30084 has a jaccard distance of 0.0 with uk_id: 12726 from the name column
30229,13818,ofac_id: 30229 has a jaccard distance of 0.0 with uk_id: 13818 from the name column
30426,14066,ofac_id: 30426 has a jaccard distance of 0.0 with uk_id: 14066 from the name column
30545,13932,ofac_id: 30545 has a jaccard distance of 0.08695652173913049 with uk_id: 13932 from the name column
30663,12503,ofac_id: 30663 has a jaccard distance of 0.05555555555555558 with uk_id: 12503 from the name column
30723,13975,ofac_id: 30723 has a jaccard distance of 0.171875 with uk_id: 13975 from the name column
30743,12222,ofac_id: 30743 has a jaccard distance of 0.0 with uk_id: 12222 from the name column
30976,12692,ofac_id: 30976 has a jaccard distance of 0.0625 with uk_id: 12692 from the name column
31122,13969,ofac_id: 31122 has a jaccard distance of 0.0 with uk_id: 13969 from the name column
31123,13970,ofac_id: 31123 has a jaccard distance of 0.0 with uk_id: 13970 from the name column
31124,13974,ofac_id: 31124 has a jaccard distance of 0.0 with uk_id: 13974 from the name column
31125,13973,ofac_id: 31125 has a jaccard distance of 0.0 with uk_id: 13973 from the name column
31126,13037,ofac_id: 31126 has a jaccard distance of 0.0 with uk_id: 13037 from the name column
31126,13972,ofac_id: 31126 has a jaccard distance of 0.0 with uk_id: 13972 from the name column
31129,14056,ofac_id: 31129 has a jaccard distance of 0.0 with uk_id: 14056 from the name column
31131,14058,ofac_id: 31131 has a jaccard distance of 0.0 with uk_id: 14058 from the name column
31133,14059,ofac_id: 31133 has a jaccard distance of 0.0 with uk_id: 14059 from the name column
31134,14063,ofac_id: 31134 has a jaccard distance of 0.0 with uk_id: 14063 from the name column
31137,14061,ofac_id: 31137 has a jaccard distance of 0.0 with uk_id: 14061 from the name column
31162,13894,ofac_id: 31162 has a jaccard distance of 0.0 with uk_id: 13894 from the name column
31171,14062,ofac_id: 31171 has a jaccard distance of 0.0 with uk_id: 14062 from the name column
31172,14060,ofac_id: 31172 has a jaccard distance of 0.0 with uk_id: 14060 from the name column
31195,13406,ofac_id: 31195 has a jaccard distance of 0.2142857142857143 with uk_id: 13406 from the name column
31474,14057,ofac_id: 31474 has a jaccard distance of 0.0 with uk_id: 14057 from the name column
31492,14077,ofac_id: 31492 has a jaccard distance of 0.16666666666666663 with uk_id: 14077 from the name column
31512,13682,ofac_id: 31512 has a jaccard distance of 0.2222222222222222 with uk_id: 13682 from the name column
31517,14080,ofac_id: 31517 has a jaccard distance of 0.2272727272727273 with uk_id: 14080 from the name column
7132,7530,ofac_id: 7132 has a jaccard distance of 0.0 with uk_id: 7530 from the addresses column
8107,7999,ofac_id: 8107 has a jaccard distance of 0.0 with uk_id: 7999 from the addresses column
8108,7998,ofac_id: 8108 has a jaccard distance of 0.0 with uk_id: 7998 from the addresses column
8181,10734,ofac_id: 8181 has a jaccard distance of 0.2033898305084746 with uk_id: 10734 from the addresses column
8260,8431,ofac_id: 8260 has a jaccard distance of 0.0 with uk_id: 8431 from the addresses column
8314,8281,ofac_id: 8314 has a jaccard distance of 0.10810810810810811 with uk_id: 8281 from the addresses column
8350,8281,ofac_id: 8350 has a jaccard distance of 0.24390243902439024 with uk_id: 8281 from the addresses column
10743,9158,ofac_id: 10743 has a jaccard distance of 0.14583333333333337 with uk_id: 9158 from the addresses column
11195,11199,ofac_id: 11195 has a jaccard distance of 0.13043478260869568 with uk_id: 11199 from the addresses column
11581,12452,ofac_id: 11581 has a jaccard distance of 0.0 with uk_id: 12452 from the addresses column
11598,10912,ofac_id: 11598 has a jaccard distance of 0.0 with uk_id: 10912 from the addresses column
12551,12268,ofac_id: 12551 has a jaccard distance of 0.04761904761904767 with uk_id: 12268 from the addresses column
12803,12460,ofac_id: 12803 has a jaccard distance of 0.054545454545454564 with uk_id: 12460 from the addresses column
12869,12432,ofac_id: 12869 has a jaccard distance of 0.0 with uk_id: 12432 from the addresses column
13109,12277,ofac_id: 13109 has a jaccard distance of 0.06976744186046513 with uk_id: 12277 from the addresses column
13374,12430,ofac_id: 13374 has a jaccard distance of 0.19444444444444442 with uk_id: 12430 from the addresses column
13387,12431,ofac_id: 13387 has a jaccard distance of 0.0 with uk_id: 12431 from the addresses column
13387,12431,ofac_id: 13387 has a jaccard distance of 0.0 with uk_id: 12431 from the addresses column
15518,12808,ofac_id: 15518 has a jaccard distance of 0.038461538461538436 with uk_id: 12808 from the addresses column
15583,12249,ofac_id: 15583 has a jaccard distance of 0.0 with uk_id: 12249 from the addresses column
15603,13536,ofac_id: 15603 has a jaccard distance of 0.0 with uk_id: 13536 from the addresses column
15652,9104,ofac_id: 15652 has a jaccard distance of 0.0 with uk_id: 9104 from the addresses column
16085,13341,ofac_id: 16085 has a jaccard distance of 0.0 with uk_id: 13341 from the addresses column
16221,12808,ofac_id: 16221 has a jaccard distance of 0.18965517241379315 with uk_id: 12808 from the addresses column
16441,12252,ofac_id: 16441 has a jaccard distance of 0.0 with uk_id: 12252 from the addresses column
16443,11554,ofac_id: 16443 has a jaccard distance of 0.1071428571428571 with uk_id: 11554 from the addresses column
17067,13340,ofac_id: 17067 has a jaccard distance of 0.0 with uk_id: 13340 from the addresses column
17152,13090,ofac_id: 17152 has a jaccard distance of 0.0 with uk_id: 13090 from the addresses column
18027,13544,ofac_id: 18027 has a jaccard distance of 0.0357142857142857 with uk_id: 13544 from the addresses column
18953,13340,ofac_id: 18953 has a jaccard distance of 0.22499999999999998 with uk_id: 13340 from the addresses column
20199,13702,ofac_id: 20199 has a jaccard distance of 0.0 with uk_id: 13702 from the addresses column
21125,13512,ofac_id: 21125 has a jaccard distance of 0.08571428571428574 with uk_id: 13512 from the addresses column
23553,13705,ofac_id: 23553 has a jaccard distance of 0.04347826086956519 with uk_id: 13705 from the addresses column
23555,13705,ofac_id: 23555 has a jaccard distance of 0.04347826086956519 with uk_id: 13705 from the addresses column
23556,13705,ofac_id: 23556 has a jaccard distance of 0.04347826086956519 with uk_id: 13705 from the addresses column
23565,13524,ofac_id: 23565 has a jaccard distance of 0.0 with uk_id: 13524 from the addresses column
23713,13636,ofac_id: 23713 has a jaccard distance of 0.0 with uk_id: 13636 from the addresses column
23779,13643,ofac_id: 23779 has a jaccard distance of 0.0 with uk_id: 13643 from the addresses column
